$label,status.flags, data_in,data_out,
frame,""|-|-|-|-|NT1|NT0|-|-|-|-"",""ffff ffff ffff ffff "",""0c00 ffff ffff ffff "",
frame,""|HE|-|-|-|NT1|NT0|-|-|-|-"",""5053 0000 17c5 9669 "",""8c00 5053 0000 a376 "",
frame,""|HE|-|-|-|NT1|NT0|-|-|-|-"",""2053 2000 1efe d91b "",""8c00 2053 0000 e103 "",
frame,""|HE|-|-|-|NT1|NT0|-|-|-|-"",""2053 2000 118f a793 "",""8c00 2053 0000 e103 "",
frame,""|HE|-|-|-|NT1|NT0|-|-|-|-"",""2053 2000 1d48 4b55 "",""8c00 2053 f3ff b961 "",
frame,""|-|-|-|-|NT1|NT0|-|-|-|-"",""c726 c4bd c732 c740 cac4 c142 c2aa c47a c960 cefb ce03 c5ff c8a1 c0df cd18 c377 cebd ce46 c565 c45f cab9 c96b c45d c8db cced c0b7 c630 cd92 c96a cd27 ceeb c179 c4ee c2a7 cfcf ca90 c858 ce6e ca15 c5a8 cbe4 ca08 c7f4 c34f c772 ccea cc16 ca40 ceaa ccb2 cbe2 c110 cce2 c167 ca1c ce3c c1fb c9d9 cd8e c752 c5b5 c485 cc63 c763 c95b cc6d cc07 c680 c03b c2d3 cc32 c865 c410 cef8 c033 cf5f c93e c920 c047 c23d c476 cdbf c744 c523 c321 cdd5 ce26 c550 caf6 c122 c28d cbb1 cae8 cdad cc96 ca51 cda5 cab9 cb28 cc0f cf81 c989 c3c4 cb04 cfbe cc21 c3f9 c0bb c48c c2a9 c5be c100 c8e6 cf66 c75c c420 cc25 c1ab cc88 cb2e ce1e cb33 ca06 c85c cfc2 cf6d cfc9 ce96 c075 c17f c5dd caf2 c7bf c968 c27c c6ae c33d cc87 c8e1 ce57 c449 c97c cae1 c496 c1c0 c06f c615 c98d c68a c3e2 c08a cc87 cdf6 c7e1 c732 c5c9 cdbc c1cf c593 c590 c21b c661 c66e c2fc c9df ccb6 c9b6 cfba c5f0 ca62 cbe3 c70c ca55 c8e2 c942 c7e9 cb04 c416 cc54 cb56 c8c7 cde7 c230 cbc5 ca1a cff1 c9b0 c868 c549 cfb9 c20d c740 c500 cac2 c5e3 c766 c7ab cb98 c909 c36a cc6b c503 c643 c7af c0c0 cfc0 c259 c028 c9b3 cb14 cb45 cf61 c1fa cb80 c036 c7a2 c0df c907 c3b3 c069 ce0d cd9c c1af cd48 c1a9 ce91 c734 cfc3 c738 cf13 cb9d ce32 cc19 c38e c8ac c021 c7a7 ccbc c5ab c985 cf49 cb59 cd58 c7fa cb87 c0d9 1998 3524 "",""0c00 c726 c4bd c732 c740 cac4 c142 c2aa c47a c960 cefb ce03 c5ff c8a1 c0df cd18 c377 cebd ce46 c565 c45f cab9 c96b c45d c8db cced c0b7 c630 cd92 c96a cd27 ceeb c179 c4ee c2a7 cfcf ca90 c858 ce6e ca15 c5a8 cbe4 ca08 c7f4 c34f c772 ccea cc16 ca40 ceaa ccb2 cbe2 c110 cce2 c167 ca1c ce3c c1fb c9d9 cd8e c752 c5b5 c485 cc63 c763 c95b cc6d cc07 c680 c03b c2d3 cc32 c865 c410 cef8 c033 cf5f c93e c920 c047 c23d c476 cdbf c744 c523 c321 cdd5 ce26 c550 caf6 c122 c28d cbb1 cae8 cdad cc96 ca51 cda5 cab9 cb28 cc0f cf81 c989 c3c4 cb04 cfbe cc21 c3f9 c0bb c48c c2a9 c5be c100 c8e6 cf66 c75c c420 cc25 c1ab cc88 cb2e ce1e cb33 ca06 c85c cfc2 cf6d cfc9 ce96 c075 c17f c5dd caf2 c7bf c968 c27c c6ae c33d cc87 c8e1 ce57 c449 c97c cae1 c496 c1c0 c06f c615 c98d c68a c3e2 c08a cc87 cdf6 c7e1 c732 c5c9 cdbc c1cf c593 c590 c21b c661 c66e c2fc c9df ccb6 c9b6 cfba c5f0 ca62 cbe3 c70c ca55 c8e2 c942 c7e9 cb04 c416 cc54 cb56 c8c7 cde7 c230 cbc5 ca1a cff1 c9b0 c868 c549 cfb9 c20d c740 c500 cac2 c5e3 c766 c7ab cb98 c909 c36a cc6b c503 c643 c7af c0c0 cfc0 c259 c028 c9b3 cb14 cb45 cf61 c1fa cb80 c036 c7a2 c0df c907 c3b3 c069 ce0d cd9c c1af cd48 c1a9 ce91 c734 cfc3 c738 cf13 cb9d ce32 cc19 c38e c8ac c021 c7a7 ccbc c5ab c985 cf49 cb59 cd58 c7fa cb87 c0d9 363c "",
frame,""|-|-|-|SPICRC|NT1|NT0|-|-|-|-"",""5092 0035 13bd 128e "",""1c00 5092 0035 1ae3 "",
frame,""|-|-|-|SPICRC|NT1|NT0|-|-|-|-"",""5098 02fd 1bc3 20ee "",""1c00 5098 02fd e304 "",
frame,""|-|-|-|SPICRC|NT1|NT0|-|-|-|-"",""2098 2000 1e8d 48a8 "",""1c00 2098 02fd a171 "",
frame,""|-|-|-|SPICRC|NT1|NT0|-|-|-|-"",""2000 20a8 20c8 2080 203a 2061 2053 2054 2050 2000 1c17 ad15 "",""1c00 2000 0000 0000 0000 0002 0000 0000 f3ff 0000 000e 4938 "",
frame,""|-|-|-|SPICRC|NT1|NT0|-|-|-|-"",""50a8 ffff 50c8 ffff 5080 ffff 503a ffff 5061 ffff 5053 ffff 5054 ffff 5050 ffff 1cde 4ddb "",""1c00 50a8 ffff 50c8 ffff 5080 ffff 503a ffff 5061 ffff 5053 ffff 5054 ffff 5050 ffff 462c "",
frame,""|-|-|-|-|-|-|-|-|-|-"",""5091 0000 "",""zzzz zzzz "",
frame,""|-|-|-|-|NT1|NT0|-|-|-|-"",""9ef8 da3b 8032 d4b2 0019 ee74 d297 ffff d90f 8000 d66e 0032 8f54 2b56 6204 1437 e1bd "",""0c00 9ef8 da3b 8032 d4b2 0019 ee74 d297 ffff d90f 8000 d66e 0032 8f54 2b56 6204 2547 "",
frame,""|-|-|-|-|NT1|NT0|-|-|-|-"",""5080 0010 1d64 463a "",""0c00 5080 0010 59a3 "",
frame,""|-|-|-|-|NT1|NT0|-|-|-|-"",""20d8 2000 1554 df6e "",""0c00 20d8 2000 f86e "",
frame,""|-|-|-|-|NT1|NT0|-|-|CR1|CR0"",""bda0 0046 0064 800c beb1 00c3 00eb 800d be62 0186 019a 800f bf43 0258 1c74 13f9 "",""0c03 bda0 0046 0064 800c beb1 00c3 00eb 800d be62 0186 019a 800f bf43 0258 6666 "",
frame,""|-|-|-|-|-|-|-|-|CR1|CR0"",""5094 0064 116e 2b89 "",""0003 5094 0064 1d22 "",
frame,""|-|-|-|-|-|-|-|-|CR1|CR0"",""ef83 d8bc 00c8 cc02 1ddb ae27 "",""0003 ef83 d8bc 00c8 cc02 e633 "",
frame,""|-|-|-|-|-|-|PD1|PD0|CR1|CR0"",""3671 3c20 35b9 3193 1f66 c8ae "",""000f 3671 1008 ca37 3263 3fdb "",
frame,""|-|-|-|-|-|-|PD1|PD0|CR1|-"",""3b94 3748 31e6 3bc7 1744 9790 "",""000e 3b94 1808 ca37 3263 ee9a "",
frame,""|-|-|-|-|-|-|PD1|PD0|-|-"",""455a 4a62 4714 4038 4b34 4b68 4c50 428f 44fe 4e3d 43ef 4d0f 4f09 4345 4d22 4e5c 4537 4443 444a 4388 4da2 48d0 4f75 4ca2 4870 427f 4679 4873 454c 44f7 4b20 4ed7 15d3 b5b6 "",""000c 455a 0003 080c e74d 20f7 e519 180d ad04 c04f f4a4 9000 000f ffa3 90c6 eb98 e270 4537 0003 080c af33 2975 ded2 180d 8581 8a4e 02fd 4000 000f d218 81e9 8844 c250 ff86 "",
frame,""|-|-|-|-|-|-|PD1|-|-|-"",""4961 40db 475a 496d 4f89 4d58 4b8b 4967 4add 4069 4028 46f8 46a3 4e40 4c70 47f4 4937 43d2 49d4 4300 436d 428a 493c 4b0e 4a80 49f0 4d6b 4321 48e1 4845 4451 4dff 1981 0a09 "",""0008 4961 0003 080c af33 2975 ded2 180d 8581 8a4e 02fd 4000 000f d218 81e9 8844 c250 4937 0003 180c 9eb1 f875 1740 180d 4762 1fd0 56a5 2000 100f d1a5 a703 460a 69c0 7568 "",
frame,""|-|-|-|-|-|-|-|-|-|-"",""2000 20a8 20c8 2080 203a 2061 2053 2054 2050 2000 1af9 1b53 "",""0000 2000 0000 0000 0000 0000 0000 0000 f3ff 0000 0000 4ce1 "",
frame,""|-|-|-|-|-|-|-|-|-|-"",""bdc0 0064 10ed e01c "",""0000 bdc0 0064 cc92 "",
